groupID,featureID,exonBaseMean,dispersion,stat,pvalue,padj,A549,HFA,log2fold_HFA_A549,genomicData.seqnames,genomicData.start,genomicData.end,genomicData.width,genomicData.strand,countData.A549.ctrl.rep1,countData.A549.ctrl.rep2,countData.A549.ctrl.rep3,countData.A549.infected.rep1,countData.A549.infected.rep2,countData.A549.infected.rep3,countData.HFA1.infected.rep1,countData.HFA1.infected.rep2,countData.HFA1.infected.rep3,countData.HFA1.ctrl.rep1,countData.HFA1.ctrl.rep2,countData.HFA1.ctrl.rep3,countData.HFA2.infected.rep1,countData.HFA2.infected.rep2,countData.HFA2.infected.rep3,countData.HFA2.ctrl.rep1,countData.HFA2.ctrl.rep2,countData.HFA2.ctrl.rep3,countData.HFA3.infected.rep1,countData.HFA3.infected.rep2,countData.HFA3.infected.rep3,countData.HFA3.ctrl.rep1,countData.HFA3.ctrl.rep2,countData.HFA3.ctrl.rep3,transcripts,order
ENSG00000272324,E002,0.2403585889423201,0.13562641799100011,13.160911255909554,0.0013872170959348675,0.005122620528891271,1.3006246746272154e-7,2.1124331604265194,47.909945977841595,5,10767624,10767775,152,+,0,0,0,0,0,0,2,0,0,0,0,0,0,0,0,0,0,1,0,3,1,0,1,0,"c(""ENST00000606513"", ""ENST00000606588"")",1
ENSG00000272324,E004,0.1773869720459618,0.15299625597298475,10.569823304855362,0.005067479867928886,0.016043823485242196,1.3067477055983545e-7,1.8286360013338836,47.4792288664509,5,10770191,10770280,90,+,0,0,0,0,0,0,1,0,0,0,0,0,0,0,0,0,0,0,0,3,1,0,1,0,"c(""ENST00000606513"", ""ENST00000606588"")",2
ENSG00000272324,E003,0.1773869720459618,0.15299625597298475,10.569823304855362,0.005067479867928886,0.016043823485242196,1.314253097461915e-7,1.8286360013338836,47.46270370266857,5,10770150,10770190,41,+,0,0,0,0,0,0,1,0,0,0,0,0,0,0,0,0,0,0,0,3,1,0,1,0,ENST00000606513,3
ENSG00000283380,E014,0.693311942533475,1.1463937560018658,19.548019288304502,5.6911698287860075e-5,2.8857767761747893e-4,4.932737454055314e-7,3.6599107035391967,45.65648614103183,X,21257884,21259888,2005,-,0,0,0,0,0,0,0,0,3,0,2,2,1,2,0,0,1,0,2,1,1,6,2,1,ENST00000637843,4
ENSG00000287778,E004,0.5445692503797648,1.195456584442244,10.648464963827251,0.004872088995984807,0.015500143109255767,1.4715117657715382e-6,8.656769247185963,45.035594889626026,4,11429897,11433190,3294,+,0,0,0,0,0,0,0,0,5,0,2,0,1,1,0,1,1,0,0,3,1,1,3,0,ENST00000656610,5
ENSG00000110375,E008,2.797882672212995,0.09211906475329941,133.88683502405667,8.449736671885566e-30,2.6379139532867242e-28,1.9123579164670446e-6,8.392425042492285,44.18644751820834,11,118958097,118958554,458,+,0,0,0,0,0,0,4,3,6,15,2,6,6,3,5,4,10,4,5,2,2,4,7,14,"c(""ENST00000534788"", ""ENST00000264031"")",6
ENSG00000237883,E005,0.5832765804205375,0.32222396227223793,11.250911570951018,0.003604919691479353,0.01191384100575215,8.450852888586269e-7,3.4221604936631493,43.90792899370112,2,73981109,73981134,26,-,0,0,0,0,0,0,2,1,2,0,0,0,1,0,0,0,1,1,0,1,3,4,0,4,ENST00000439192,7
ENSG00000110375,E007,1.2932918045988862,0.046916257386566636,88.13317447362891,7.27988178000514e-20,1.4669694473029641e-18,1.622274439228022e-6,5.836633790243084,43.584436430826536,11,118957598,118957668,71,+,0,0,0,0,0,0,0,3,3,7,0,5,2,2,4,2,1,2,2,0,2,3,5,5,"c(""ENST00000534788"", ""ENST00000264031"")",8
ENSG00000086189,E023,11.716526319614548,0.04061742127929306,154.17881527000156,3.3150925002624223e-34,1.2205231526917175e-32,5.875417336653754e-6,9.12571729064107,41.1996085878233,5,62403273,62403346,74,-,0,0,0,0,0,0,10,13,23,24,18,21,38,25,27,16,23,24,18,20,18,32,25,36,"c(""ENST00000514911"", ""ENST00000199320"", ""ENST00000509182"", ""ENST00000651114"", ""ENST00000506390"")",9
ENSG00000149054,E012,2.266307511357168,0.2038194304499183,9.54275303112945,0.008468714815274515,0.025095991364513032,3.035867436551598e-6,3.725416997399911,40.46476077932997,11,6932186,6932672,487,+,0,0,0,0,0,0,1,1,0,3,3,0,9,13,16,4,6,9,2,3,1,1,2,3,"c(""ENST00000529755"", ""ENST00000610573"", ""ENST00000414517"", ""ENST00000278319"", ""ENST00000636097"", ""ENST00000529903"", ""ENST00000636606"", ""ENST00000527171"")",10
ENSG00000110375,E005,0.3536090259922703,0.22972178711705238,22.35837737838463,1.3961755879688183e-5,7.97414394046982e-5,2.9345108103484563e-6,3.058908183888775,39.99037386846925,11,118957208,118957314,107,+,0,0,0,0,0,0,0,1,0,4,0,3,0,0,0,2,0,2,0,0,0,0,1,0,"c(""ENST00000534788"", ""ENST00000264031"")",11
ENSG00000149054,E017,1.6272840459826692,0.07337387628528477,8.898743117211325,0.01168590857194772,0.03312970521742169,3.0358528064766688e-6,3.0664140382193708,39.899518187207875,11,6955690,6955782,93,+,0,0,0,0,0,0,2,0,1,0,5,1,5,10,5,5,5,3,2,2,4,2,0,0,"c(""ENST00000529755"", ""ENST00000532533"", ""ENST00000610573"", ""ENST00000414517"", ""ENST00000278319"", ""ENST00000636097"", ""ENST00000529903"", ""ENST00000636606"", ""ENST00000527171"")",12
ENSG00000230091+ENSG00000282432,E003,7.511090410642564,0.04479590583538798,90.69972214286577,2.01746301408866e-20,4.1762463626672293e-19,1.1930931727022198e-5,10.590963291632534,39.60811827969088,10,80047722,80049178,1457,-,0,0,0,0,0,0,11,7,14,15,11,10,17,8,13,4,7,4,19,23,20,21,38,29,"c(""ENST00000412298"", ""ENST00000432070"", ""ENST00000448729"")",13
ENSG00000110375,E006,0.10571096493063054,0.14870656766288662,9.065208777358606,0.010752635532106838,0.030845441277194068,2.2594528985564466e-6,1.7028156869875204,39.049342105044964,11,118957315,118957346,32,+,0,0,0,0,0,0,0,0,1,2,0,0,0,1,0,0,0,0,0,0,0,0,0,0,ENST00000264031,14
ENSG00000110375,E004,0.5224295434118464,0.4026783422224904,19.791068007450377,5.039926311513978e-5,2.583651771907199e-4,4.941127500046605e-6,3.6181243861304964,38.97435182730487,11,118956883,118957014,132,+,0,0,0,0,0,0,0,0,2,1,0,5,0,1,2,4,0,0,0,0,2,0,1,0,"c(""ENST00000534788"", ""ENST00000264031"")",15
ENSG00000234608,E009,23.953226867527288,0.001375108647581428,160.30446083540642,1.5499890045827147e-35,5.978963762945505e-34,1.234459470111915e-5,7.682219199939773,38.54138646969449,12,111839910,111840003,94,-,0,0,0,0,0,0,38,36,38,47,53,45,36,40,55,65,50,53,33,48,32,56,52,52,"c(""ENST00000590479"", ""ENST00000456429"", ""ENST00000609228"", ""ENST00000443596"", ""ENST00000652940"", ""ENST00000428207"", ""ENST00000656209"", ""ENST00000656227"", ""ENST00000442119"", ""ENST00000609983"", ""ENST00000671444"")",16
ENSG00000234608,E018,21.727764050607796,0.0025384797558786676,144.99786174398895,3.26673855635916e-32,1.1152130100532871e-30,1.232321658761748e-5,7.334023084636144,38.40841533390931,12,111841327,111841470,144,-,0,0,0,0,0,0,56,41,43,49,41,39,44,36,35,43,48,38,35,36,32,37,56,44,"c(""ENST00000590479"", ""ENST00000609228"", ""ENST00000456429"", ""ENST00000428207"", ""ENST00000656209"", ""ENST00000656227"", ""ENST00000609983"")",17
ENSG00000234608,E019,20.915933285042406,0.002957568512964134,137.32012672821963,1.5181453505067665e-30,4.876760714394887e-29,1.2343903648570631e-5,7.205393631672138,38.351040706202106,12,111841471,111841683,213,-,0,0,0,0,0,0,50,43,39,50,41,43,37,28,34,45,38,37,31,44,31,47,46,42,"c(""ENST00000428207"", ""ENST00000656209"", ""ENST00000456429"", ""ENST00000609983"", ""ENST00000609228"")",18
ENSG00000234608,E023,20.4128794014997,0.0015363579149340757,134.81229937923945,5.3196265323413135e-30,1.674480533871476e-28,1.2321847464136226e-5,7.1102307448691775,38.31676105625237,12,111841711,111841897,187,-,0,0,0,0,0,0,25,31,40,41,34,32,37,32,38,54,44,44,32,39,38,44,54,48,"c(""ENST00000428207"", ""ENST00000656209"", ""ENST00000443596"", ""ENST00000456429"", ""ENST00000442119"")",19
ENSG00000234608,E021,14.076086042305077,0.0019967935518857547,91.03667128116086,1.7046609238241193e-20,3.5401864106708184e-19,1.2327658616584358e-5,5.91485554425109,37.771959997769954,12,111841687,111841706,20,-,0,0,0,0,0,0,13,20,28,31,24,23,25,25,24,38,36,29,19,28,26,32,36,28,"c(""ENST00000590479"", ""ENST00000609228"", ""ENST00000443596"", ""ENST00000456429"", ""ENST00000428207"", ""ENST00000656209"", ""ENST00000442119"", ""ENST00000609983"")",20
ENSG00000234608,E022,12.31075557077106,0.0024765834109315124,78.83628060901282,7.601847952545318e-18,1.3757836751128686e-16,1.2326634056591956e-5,5.537287933871788,37.57844406615374,12,111841707,111841710,4,-,0,0,0,0,0,0,11,19,26,25,20,20,20,24,20,34,30,24,16,23,23,31,34,24,"c(""ENST00000590479"", ""ENST00000443596"", ""ENST00000456429"", ""ENST00000428207"", ""ENST00000656209"", ""ENST00000442119"", ""ENST00000609983"")",21
ENSG00000234608,E020,11.426417788053826,0.0020725242736325564,73.69376974970766,9.944918389069348e-17,1.6939363523305832e-15,1.2306840339704195e-5,5.346418703576042,37.48021966511485,12,111841684,111841686,3,-,0,0,0,0,0,0,15,13,20,29,19,18,22,16,22,29,29,26,15,23,22,24,29,24,"c(""ENST00000590479"", ""ENST00000609228"", ""ENST00000443596"", ""ENST00000456429"", ""ENST00000428207"", ""ENST00000656209"", ""ENST00000656227"", ""ENST00000442119"", ""ENST00000609983"")",22
ENSG00000197415,E020,23.447051089168564,0.3810363184310678,20.829212592981435,2.9991207683007803e-5,1.6080499821623007e-4,2.39127800725214e-5,9.69680111856568,37.3331857986396,3,157436883,157436953,71,-,0,0,0,0,0,0,47,40,35,44,37,33,112,107,120,20,21,26,37,34,29,21,20,26,ENST00000482685,23
ENSG00000230091+ENSG00000282432,E001,3.706341870150351,0.03808568369873247,47.05419422830016,6.057752815497731e-11,6.882505148639752e-10,1.868591736098324e-5,7.532017239673465,37.28646172185502,10,80046860,80047706,847,-,0,0,0,0,0,0,8,3,3,6,7,5,5,6,9,1,4,2,9,8,11,15,14,16,ENST00000412298,24
ENSG00000138028,E023,2.9617105637087247,0.0251533721375262,23.254858738260708,8.918084566483124e-6,5.274682368137262e-5,7.417687051258781e-6,2.9095180572979444,37.169492969842764,2,27110673,27110968,296,-,0,0,0,0,0,0,0,0,0,0,0,0,10,18,12,16,15,15,2,1,2,1,1,1,ENST00000312734,25
ENSG00000284048+ENSG00000214022+ENSG00000196456+ENSG00000284691,E068,27.23035156203934,0.06190239177692725,20.3384999584178,3.833106173128495e-5,2.0136561397468206e-4,1.7483415810204406e-5,6.675374304313721,37.120382499484855,7,150410600,150412470,1871,+,0,0,0,0,0,0,42,38,42,57,24,53,109,82,110,52,54,64,37,37,32,30,24,53,ENST00000641330,26
ENSG00000230091+ENSG00000282432,E005,1.2983474522317986,0.0792985853312034,17.92735227027987,1.2797493479428329e-4,6.023827170594377e-4,1.1828483671649792e-5,4.538946448695874,37.11584379956528,10,80053428,80053548,121,-,0,0,0,0,0,0,1,3,4,1,1,2,4,2,6,0,0,1,4,3,2,3,10,0,"c(""ENST00000633717"", ""ENST00000412298"", ""ENST00000432070"", ""ENST00000448729"")",27
ENSG00000284048+ENSG00000214022+ENSG00000196456+ENSG00000284691,E027,27.143966990117544,0.025069582794525095,23.07114544382597,9.776072671359266e-6,5.7440011394350374e-5,1.7488005077836988e-5,6.6502980475228455,37.108501076557246,7,150370760,150370884,125,+,0,0,0,0,0,0,49,35,54,41,37,44,73,68,72,55,55,54,48,55,42,42,56,56,"c(""ENST00000486714"", ""ENST00000479668"", ""ENST00000467980"", ""ENST00000397281"", ""ENST00000482680"")",28
ENSG00000230091+ENSG00000282432,E010,1.192145888244821,0.025638398224802586,15.778476457663743,3.7475494379070795e-4,0.0015882494495595674,1.1818235797989018e-5,4.440029028771285,37.054062671109484,10,80060816,80060933,118,-,0,0,0,0,0,0,0,1,3,1,0,2,4,1,4,0,1,0,4,3,2,4,6,9,"c(""ENST00000412298"", ""ENST00000432070"", ""ENST00000448729"")",29
ENSG00000047662,E017,17.713074667649042,0.01708659680853645,161.35504238818538,9.166377350044039e-36,3.5686624112289973e-34,2.9843217838276814e-5,10.518335700836396,36.9416653234282,4,17708892,17709644,753,-,0,0,0,0,0,0,35,32,49,92,73,94,4,6,9,9,10,7,31,23,17,35,63,74,ENST00000265018,30
ENSG00000284048+ENSG00000214022+ENSG00000196456+ENSG00000284691,E024,23.017425612133625,0.02501463453434869,19.71101317786679,5.2457534154258784e-5,2.67924300669221e-4,1.748696679726436e-5,6.148290669874662,36.877114593804556,7,150370135,150370411,277,+,0,0,0,0,0,0,19,24,27,61,25,47,54,41,83,65,53,50,38,45,37,31,42,62,"c(""ENST00000473391"", ""ENST00000469309"")",31
ENSG00000284048+ENSG00000214022+ENSG00000196456+ENSG00000284691,E034,21.311773468570053,0.03610068229134322,19.15610619093559,6.923160392582682e-5,3.44932344002345e-4,1.747854562950124e-5,5.97546019147962,36.794572414081685,7,150371633,150371655,23,+,0,0,0,0,0,0,11,30,45,51,23,54,22,22,87,42,32,48,66,34,19,29,40,126,"c(""ENST00000475514"", ""ENST00000519397"", ""ENST00000479668"", ""ENST00000482680"", ""ENST00000488943"", ""ENST00000425389"", ""ENST00000397281"", ""ENST00000486714"", ""ENST00000444957"", ""ENST00000489432"", ""ENST00000466559"")",32
ENSG00000234608,E010,7.0633328725205224,0.0037260562444219195,43.635729166701935,3.3467386910349877e-10,3.5520527301869795e-9,1.2326634276860204e-5,4.198875867637462,36.76974758518289,12,111840004,111840031,28,-,0,0,0,0,0,0,12,12,9,13,17,13,9,12,21,19,16,18,7,12,10,18,14,10,"c(""ENST00000428207"", ""ENST00000443596"", ""ENST00000609983"", ""ENST00000656227"", ""ENST00000609228"")",33
ENSG00000047662,E014,15.970556314114567,0.03656918529512943,114.45412222489512,1.401532404149004e-25,3.6974615508793356e-24,2.9857702571689515e-5,9.90832573823991,36.75807404214895,4,17705000,17705206,207,-,0,0,0,0,0,0,52,40,33,100,64,71,7,6,5,4,3,7,13,28,30,44,44,29,ENST00000265018,34
ENSG00000284048+ENSG00000214022+ENSG00000196456+ENSG00000284691,E035,19.917616445858204,0.04817375659214141,18.679953095680105,8.784149613550734e-5,4.2833201462473016e-4,1.7487850115571746e-5,5.77610863699006,36.6932754828036,7,150371656,150371680,25,+,0,0,0,0,0,0,6,28,41,50,24,46,20,17,87,41,32,47,60,30,17,29,36,120,"c(""ENST00000475514"", ""ENST00000519397"", ""ENST00000479668"", ""ENST00000482680"", ""ENST00000488943"", ""ENST00000425389"", ""ENST00000397281"", ""ENST00000444957"", ""ENST00000489432"", ""ENST00000466559"")",35
ENSG00000284048+ENSG00000214022+ENSG00000196456+ENSG00000284691,E036,19.528975072570535,0.061477801364670306,16.12782571294639,3.146930443951687e-4,0.0013578801275914325,1.7486905960595323e-5,5.715235285640084,36.66230658337231,7,150371681,150371803,123,+,0,0,0,0,0,0,6,25,35,43,21,48,19,15,88,37,32,48,68,32,19,24,34,123,"c(""ENST00000475514"", ""ENST00000479668"", ""ENST00000489432"", ""ENST00000488943"", ""ENST00000425389"", ""ENST00000397281"", ""ENST00000444957"", ""ENST00000482680"", ""ENST00000466559"")",36
ENSG00000275741,E003,0.3353774724627227,0.6511171210199329,16.7989083987149,2.249900904087695e-4,0.0010038639157925868,9.194053824046478e-6,2.9807201625833954,36.62012449757481,13,109807989,109808252,264,+,0,0,0,0,0,0,2,2,0,0,0,0,4,1,0,0,0,1,0,0,0,1,0,0,ENST00000615635,37
ENSG00000284048+ENSG00000214022+ENSG00000196456+ENSG00000284691,E025,19.009717906223624,0.01592406359949552,14.967052471680745,5.622712148149255e-4,0.0022857698772972327,1.7485378336346002e-5,5.587039045276434,36.595951559512024,7,150370412,150370602,191,+,0,0,0,0,0,0,14,30,30,49,29,29,46,37,58,49,39,36,45,34,33,24,34,45,ENST00000473391,38
ENSG00000116750,E020,33.0025659651088,0.005979689906013678,127.64224507033953,1.9179560633472002e-28,5.6854889811601724e-27,4.2347308436774256e-5,13.01890474586365,36.59346903885384,1,193029179,193029309,131,-,0,0,0,0,0,0,47,57,56,56,54,73,75,45,73,60,65,81,48,68,73,85,64,52,"c(""ENST00000443327"", ""ENST00000367450"", ""ENST00000367451"", ""ENST00000367454"", ""ENST00000367455"", ""ENST00000367449"", ""ENST00000367448"", ""ENST00000421683"", ""ENST00000420791"")",39
ENSG00000116750,E005,30.69273825723384,0.00812268967979642,117.02132230932608,3.882779500136737e-26,1.0477332948385947e-24,4.2347673286258214e-5,12.640057680854401,36.50063445663196,1,193016162,193016395,234,-,0,0,0,0,0,0,22,56,75,56,68,57,67,62,73,53,61,57,46,47,63,67,77,57,"c(""ENST00000367450"", ""ENST00000367451"", ""ENST00000449480"", ""ENST00000367454"", ""ENST00000367455"", ""ENST00000420791"")",40
ENSG00000116750,E011,28.2633585688436,0.0014730350835878956,115.37127311989468,8.86025777021807e-26,2.359546288344534e-24,4.234635352418081e-5,12.10837672166845,36.36642961981785,1,193021097,193021195,99,-,0,0,0,0,0,0,47,46,63,55,58,45,62,59,57,53,57,46,41,40,63,61,69,51,"c(""ENST00000443327"", ""ENST00000367450"", ""ENST00000416915"", ""ENST00000449480"", ""ENST00000367454"", ""ENST00000367455"", ""ENST00000367449"", ""ENST00000367448"", ""ENST00000367451"", ""ENST00000420791"")",41
ENSG00000234608,E011,5.282301198857361,0.0055618073903201,31.909051885641475,1.1777074481189416e-7,9.375529999198732e-7,1.2328888118418035e-5,3.62665550604504,36.3429353409701,12,111840032,111840042,11,-,0,0,0,0,0,0,12,11,9,7,11,11,7,9,17,14,12,12,5,6,8,13,10,6,"c(""ENST00000428207"", ""ENST00000443596"", ""ENST00000609983"", ""ENST00000656227"")",42
ENSG00000116750,E015,27.93504769307815,0.0014950462565248691,113.46102632606613,2.3027732600383326e-25,6.020274466940285e-24,4.2344485414957944e-5,12.012666135753953,36.34185016838737,1,193023844,193023922,79,-,0,0,0,0,0,0,47,35,51,53,51,52,78,55,62,67,50,60,43,44,61,52,43,52,"c(""ENST00000443327"", ""ENST00000367450"", ""ENST00000416915"", ""ENST00000449480"", ""ENST00000367454"", ""ENST00000367455"", ""ENST00000367449"", ""ENST00000367448"", ""ENST00000421683"", ""ENST00000367451"", ""ENST00000420791"")",43
ENSG00000047662,E015,11.925391287353719,0.04287548309721084,86.72580194913121,1.4714021538446008e-19,2.9239143088280023e-18,2.986273062788314e-5,8.617061786794537,36.335837865702906,4,17705752,17705891,140,-,0,0,0,0,0,0,40,36,22,75,57,45,2,6,1,5,2,4,14,22,21,26,30,24,ENST00000265018,44
ENSG00000284048+ENSG00000214022+ENSG00000196456+ENSG00000284691,E026,15.204604307553357,0.03588104646073801,12.981207472781819,0.001517632481468404,0.005547081121785157,1.7477652676234356e-5,5.000836519454538,36.27247328797256,7,150370714,150370759,46,+,0,0,0,0,0,0,19,24,28,18,21,17,49,45,34,32,22,29,33,35,21,32,32,33,ENST00000486714,45
ENSG00000116750,E019,26.021281804003664,0.0012777585060194832,105.71865430839995,1.1053145826819712e-23,2.679247613105052e-22,4.2346548845273446e-5,11.62933140939898,36.24102902985256,1,193028085,193028148,64,-,0,0,0,0,0,0,38,36,47,41,48,55,65,43,57,51,50,60,39,49,56,65,44,48,"c(""ENST00000443327"", ""ENST00000367450"", ""ENST00000367451"", ""ENST00000367454"", ""ENST00000367455"", ""ENST00000367449"", ""ENST00000367448"", ""ENST00000421683"", ""ENST00000420791"")",46
ENSG00000116750,E013,25.484617088751182,0.0019004426767542419,103.27409728251354,3.7524482649423446e-23,8.864385926277e-22,4.234374839029442e-5,11.54478773552556,36.21863014340227,1,193022968,193023036,69,-,0,0,0,0,0,0,41,27,49,51,52,48,65,52,57,66,47,45,42,39,52,42,49,54,"c(""ENST00000443327"", ""ENST00000367450"", ""ENST00000416915"", ""ENST00000449480"", ""ENST00000367454"", ""ENST00000367455"", ""ENST00000367449"", ""ENST00000367448"", ""ENST00000421683"", ""ENST00000367451"", ""ENST00000420791"")",47
ENSG00000234608,E024,4.734072614941434,0.005110180324893591,29.96182641563655,3.11797091700454e-7,2.3390065667109824e-6,1.233367811437347e-5,3.4705356335722186,36.2139711687171,12,111841898,111841902,5,-,0,0,0,0,0,0,5,8,9,7,8,8,5,5,12,9,16,15,7,9,6,9,13,14,"c(""ENST00000428207"", ""ENST00000443596"", ""ENST00000456429"", ""ENST00000442119"")",48
ENSG00000143164,E021,132.86830097948143,9.2760662212043e-4,550.864787689584,2.4056432092972915e-120,5.586235785499289e-118,4.232721789065863e-5,11.350070509709582,36.167178213513296,1,168004533,168004793,261,+,0,0,0,0,0,0,202,151,178,204,175,172,404,385,418,312,335,350,185,216,206,199,215,209,"c(""ENST00000470721"", ""ENST00000367840"", ""ENST00000367843"", ""ENST00000432587"", ""ENST00000312263"")",49
ENSG00000116750,E021,24.394189880379905,0.0015987324957771189,98.9767987278376,3.2170753870746857e-22,7.258115577279063e-21,4.234318441120877e-5,11.313415745531252,36.1561046516638,1,193029388,193029449,62,-,0,0,0,0,0,0,25,44,45,39,39,57,56,42,58,48,41,55,34,49,57,55,51,46,"c(""ENST00000367450"", ""ENST00000367451"", ""ENST00000367454"", ""ENST00000367455"", ""ENST00000367449"", ""ENST00000367448"", ""ENST00000421683"", ""ENST00000420791"")",50
ENSG00000173402,E009,0.4226992043593759,0.07207714016564187,83.02607789609681,9.356561097234632e-19,1.783495861677859e-17,11.512620912764831,2.2042425163704138e-4,-31.44987351086572,3,49470279,49470288,10,+,0,1,0,0,3,0,0,0,0,0,0,0,0,0,0,0,0,0,0,0,0,0,0,0,"c(""ENST00000541308"", ""ENST00000452060"", ""ENST00000538711"", ""ENST00000545947"", ""ENST00000308775"", ""ENST00000418588"", ""ENST00000539901"", ""ENST00000435508"", ""ENST00000452317"")",51
ENSG00000173402,E010,0.4226992043593759,0.07207714016564187,83.02607789609681,9.356561097234632e-19,1.783495861677859e-17,11.512620912764831,2.2042425163704138e-4,-31.449873510865725,3,49470289,49470295,7,+,0,1,0,0,3,0,0,0,0,0,0,0,0,0,0,0,0,0,0,0,0,0,0,0,"c(""ENST00000541308"", ""ENST00000452060"", ""ENST00000538711"", ""ENST00000466701"", ""ENST00000545947"", ""ENST00000308775"", ""ENST00000418588"", ""ENST00000539901"", ""ENST00000435508"", ""ENST00000452317"")",52
ENSG00000254634+ENSG00000183336+ENSG00000261740,E036,0.11244013105011423,5.894797316823987,9.30254611190253,0.009549437221122984,0.027841675786429224,22.208287078756804,4.673183286811877e-4,-31.455042911662368,16,29454652,29454964,313,-,0,0,1,0,0,0,0,0,0,0,0,0,0,0,0,0,0,0,0,0,0,0,0,0,ENST00000330978,53
ENSG00000160712,E003,0.11244013105011423,4.3132435146340375,10.901177697877188,0.004293775561006078,0.013881278556230513,20.665107615761794,4.230040705337501e-4,-31.484544721370206,1,154405343,154405614,272,+,0,0,1,0,0,0,0,0,0,0,0,0,0,0,0,0,0,0,0,0,0,0,0,0,"c(""ENST00000344086"", ""ENST00000368485"", ""ENST00000622330"")",54
ENSG00000240207+ENSG00000118855,E002,65.38671977089867,0.0015831601892904617,3789.0785460032234,0,0,47.15833537109594,0.0014302158829266887,-31.61072680147598,3,158732263,158732326,64,+,118,144,87,114,89,76,0,0,0,0,0,0,0,0,0,0,0,0,0,0,0,0,0,0,"c(""ENST00000495318"", ""ENST00000486568"")",55
ENSG00000140526,E001,0.4088813254768555,0.12079304403128104,100.58544177727731,1.4392917570717043e-22,3.303626132400722e-21,9.130525583404705,1.5869690111713908e-4,-31.690320085878312,15,89087459,89087516,58,+,1,1,1,1,0,0,0,0,0,0,0,0,0,0,0,0,0,0,0,0,0,0,0,0,ENST00000569411,56
ENSG00000101928,E014,0.08870615368405776,5.99465277632389,11.861040136222186,0.0026570997565286995,0.009112252481855196,25.056941364677012,4.6477347263618185e-4,-31.920093283754483,X,134899831,134899952,122,-,1,0,0,0,0,0,0,0,0,0,0,0,0,0,0,0,0,0,0,0,0,0,0,0,ENST00000489890,57
ENSG00000138678,E001,0.44600494299396537,4.168998036489885,9.532872330289194,0.008510656752697595,0.02520148870120988,27.887411065424928,4.509644356147646e-4,-32.426870167048186,4,83535914,83535974,61,+,0,0,0,4,0,0,0,0,0,0,0,0,0,0,0,0,0,0,0,0,0,0,0,0,"c(""ENST00000514309"", ""ENST00000611707"")",58
ENSG00000160209,E003,3.0742643760418598,0.016218112986691072,328.558305554131,4.5130532431578676e-72,4.5667763364517084e-70,16.604585746642897,2.3506153613794822e-4,-32.432557856031224,21,43719129,43719175,47,+,4,5,3,10,4,3,0,0,0,0,0,0,0,0,0,0,0,0,0,0,0,0,0,0,"c(""ENST00000291565"", ""ENST00000398081"", ""ENST00000468090"")",59
ENSG00000160209,E004,3.266731986030244,0.015392643727330225,351.4627291792766,4.795546002096671e-77,5.389041049412709e-75,17.089142677841643,2.3506160268738086e-4,-32.528158034175824,21,43719176,43719176,1,+,4,7,3,10,4,3,0,0,0,0,0,0,0,0,0,0,0,0,0,0,0,0,0,0,"c(""ENST00000291565"", ""ENST00000398081"", ""ENST00000398085"", ""ENST00000468090"")",60
ENSG00000251322,E002,0.5422387479881575,0.10645627388068252,62.21929456012907,3.084976444556241e-14,4.4795692257579357e-13,29.129851278692357,4.536542431381463e-4,-32.5873741541483,22,50674642,50674704,63,+,0,1,0,4,0,0,0,0,0,0,0,0,0,0,0,0,0,0,0,0,0,0,0,0,"c(""ENST00000673971"", ""ENST00000414786"", ""ENST00000445220"")",61
ENSG00000091972+ENSG00000239482,E004,0.11688359551527776,3.4683663755642087,18.898670777529105,7.874188062374642e-5,3.8771959506903156e-4,32.07380696786253,5.058199585192824e-4,-32.68156519001046,3,112327611,112327694,84,+,0,0,0,0,0,1,0,0,0,0,0,0,0,0,0,0,0,0,0,0,0,0,0,0,"c(""ENST00000607456"", ""ENST00000498032"")",62
ENSG00000106003,E008,0.17741230736811553,5.772680700250626,10.617970775585434,0.004946943401418993,0.015709608183608652,31.131385488034827,4.768859438328832e-4,-32.722584272749565,7,2523593,2523710,118,+,2,0,0,0,0,0,0,0,0,0,0,0,0,0,0,0,0,0,0,0,0,0,0,0,ENST00000493850,63
ENSG00000160209,E005,4.411573041418553,0.015871133346212426,475.9189266055746,4.523953902211113e-104,8.280303637253265e-102,19.441069353836383,2.3506222561309187e-4,-32.96618451316741,21,43719177,43719222,46,+,4,12,3,11,8,4,0,0,0,0,0,0,0,0,0,0,0,0,0,0,0,0,0,0,"c(""ENST00000291565"", ""ENST00000476084"", ""ENST00000398085"", ""ENST00000398081"", ""ENST00000468090"")",64
ENSG00000185917,E042,0.10882179978839458,5.7807375523319955,12.913392888721944,0.0015699736481808437,0.005716882412638475,29.513727587912168,3.9813518493758693e-4,-33.01823815779854,21,36079305,36079389,85,-,0,0,0,0,1,0,0,0,0,0,0,0,0,0,0,0,0,0,0,0,0,0,0,0,ENST00000399201,65
ENSG00000161040,E010,7.09728455055859,0.086602780971128,113.16155624863694,2.6747320324167722e-25,6.974979404339325e-24,5.968974742472213,6.126541357076576e-5,-33.172402235079694,7,102822383,102822440,58,-,14,11,5,4,23,11,0,0,0,0,0,0,0,0,0,0,0,0,0,0,0,0,0,0,ENST00000448002,66
ENSG00000104497,E038,0.08870615368405776,6.014472263405643,11.153295664784991,0.0037852330106373264,0.012435561839653747,25.193902110143654,2.845896955747662e-4,-33.35624085227056,8,81842770,81842866,97,-,1,0,0,0,0,0,0,0,0,0,0,0,0,0,0,0,0,0,0,0,0,0,0,0,ENST00000521810,67
ENSG00000102796+ENSG00000285444+ENSG00000281106,E028,2.0411171791528866,0.12677055840696366,52.04699155213075,4.990446276152699e-12,6.187584838630277e-11,4.6433338051324355,4.433670643777532e-5,-33.36973903578975,13,51804158,51804162,5,-,1,4,4,8,1,1,0,0,0,0,0,0,0,0,0,0,0,0,0,0,0,0,0,0,ENST00000444610,68
ENSG00000146555,E001,0.08870615368405776,6.225039794733394,10.856487103908819,0.0043908012478510615,0.014156041236003855,25.1409460758061,2.5705149779753356e-4,-33.641834978568255,7,3301252,3301586,335,+,1,0,0,0,0,0,0,0,0,0,0,0,0,0,0,0,0,0,0,0,0,0,0,0,ENST00000404826,69
ENSG00000079102,E021,0.9910838647335845,0.06895865499918172,125.47711071087755,5.662283456467643e-28,1.6494167564652866e-26,40.64044022510184,5.222246142579934e-4,-33.70780611345453,8,91994487,91994623,137,-,0,1,3,2,2,1,0,0,0,0,0,0,0,0,0,0,0,0,0,0,0,0,0,0,ENST00000520978,70
ENSG00000173950,E033,0.09623380499419219,5.893644784102905,13.864688852550557,9.757107030731203e-4,0.003746356330360407,36.927238825849834,4.270131230228458e-4,-33.81375308016847,3,195270862,195271159,298,-,0,1,0,0,0,0,0,0,0,0,0,0,0,0,0,0,0,0,0,0,0,0,0,0,ENST00000310380,71
ENSG00000091972+ENSG00000239482,E005,0.11688359551527776,3.4683663755642087,18.898670777529105,7.874188062374642e-5,3.8771959506903156e-4,32.07380697158578,3.197639229597371e-4,-34.00479876312498,3,112327695,112327706,12,+,0,0,0,0,0,1,0,0,0,0,0,0,0,0,0,0,0,0,0,0,0,0,0,0,ENST00000607456,72
ENSG00000100968,E001,0.11150123574849134,5.832466397978087,15.10752155848877,5.241352589190297e-4,0.002145552817517494,32.059740634076505,3.023691960564179e-4,-34.16427726278715,14,24365673,24365718,46,+,0,0,0,1,0,0,0,0,0,0,0,0,0,0,0,0,0,0,0,0,0,0,0,0,ENST00000440487,73
ENSG00000163848,E025,0.10882179978839458,5.760548917071087,14.408188971009338,7.435351732588669e-4,0.002937987482376143,31.578907448804543,2.7907072149702117e-4,-34.33003008681423,3,125338822,125338911,90,-,0,0,0,0,1,0,0,0,0,0,0,0,0,0,0,0,0,0,0,0,0,0,0,0,ENST00000471196,74
ENSG00000085117,E022,0.11150123574849134,5.927313479326641,13.235301411507635,0.0013365672498698562,0.004955783446178011,31.532779748492985,2.3402071987277395e-4,-34.83170456562663,11,44604428,44604501,74,+,0,0,0,1,0,0,0,0,0,0,0,0,0,0,0,0,0,0,0,0,0,0,0,0,ENST00000530931,75
ENSG00000134250,E064,0.09623380499419219,0.17535733616421473,46.35988336526475,8.571942247980059e-11,9.60450952105277e-10,4.675117730274046,2.6170079621579134e-5,-34.91082416879908,1,120100654,120100688,35,-,0,1,0,0,0,0,0,0,0,0,0,0,0,0,0,0,0,0,0,0,0,0,0,0,"c(""ENST00000650638"", ""ENST00000652264"")",76
ENSG00000134250,E065,0.09623380499419219,0.17535733616421473,46.35988336526475,8.571942247980059e-11,9.60450952105277e-10,4.675117730274046,2.6170079621579134e-5,-34.91082416879908,1,120100689,120100779,91,-,0,1,0,0,0,0,0,0,0,0,0,0,0,0,0,0,0,0,0,0,0,0,0,0,ENST00000650638,77
ENSG00000187231,E033,0.11244013105011423,3.1400756924759508,20.79945753193755,3.044073845297836e-5,1.6302696924947995e-4,30.737573776563828,2.0544720035786668e-4,-35.09799381062438,2,179264118,179264203,86,-,0,0,1,0,0,0,0,0,0,0,0,0,0,0,0,0,0,0,0,0,0,0,0,0,"c(""ENST00000440010"", ""ENST00000435047"")",78
ENSG00000187231,E032,0.11244013105011423,3.1400756924759508,20.79945753193755,3.044073845297836e-5,1.6302696924947995e-4,30.737573776563828,2.0544720035786668e-4,-35.0979938106244,2,179263977,179264117,141,-,0,0,1,0,0,0,0,0,0,0,0,0,0,0,0,0,0,0,0,0,0,0,0,0,ENST00000435047,79
ENSG00000165782,E024,0.30935120550366213,0.08931279720675284,9.382619462389243,0.00917466194277323,0.02689580135342094,3.3588976565544897,1.6944099733962048e-5,-35.20266436914173,14,20461402,20461465,64,-,0,2,0,0,0,1,0,0,0,0,0,0,0,0,0,0,0,0,0,0,0,0,0,0,"c(""ENST00000250489"", ""ENST00000398020"")",80
ENSG00000124786,E022,0.21764359957678917,5.342725529661455,14.24312730576196,8.075031088700695e-4,0.0031647294940759757,38.675225778614404,2.595445115360917e-4,-35.475411229160855,6,8435562,8435611,50,-,0,0,0,0,2,0,0,0,0,0,0,0,0,0,0,0,0,0,0,0,0,0,0,0,ENST00000644923,81
ENSG00000127928,E010,0.08870615368405776,1.148485756191588,33.75609652498878,4.676885895286371e-8,3.9266304593090065e-7,0.15901001150170657,5.713978836752176e-7,-36.172401127563305,7,93909860,93910055,196,+,1,0,0,0,0,0,0,0,0,0,0,0,0,0,0,0,0,0,0,0,0,0,0,0,"c(""ENST00000428834"", ""ENST00000455502"")",82
ENSG00000127928,E012,0.10882179978839458,1.139870822015515,33.780914910820655,4.61920812340388e-8,3.8810626013103386e-7,0.1617421149260423,5.71398786064492e-7,-36.22155277102085,7,93910790,93911070,281,+,0,0,0,0,1,0,0,0,0,0,0,0,0,0,0,0,0,0,0,0,0,0,0,0,"c(""ENST00000429473"", ""ENST00000455502"", ""ENST00000248572"")",83
ENSG00000127928,E014,0.10882179978839458,1.139870822015515,33.780914910820655,4.61920812340388e-8,3.8810626013103386e-7,0.1617421149260423,5.71398786064492e-7,-36.22155277102085,7,93911076,93911265,190,+,0,0,0,0,1,0,0,0,0,0,0,0,0,0,0,0,0,0,0,0,0,0,0,0,ENST00000248572,84
ENSG00000127928,E009,0.11244013105011423,1.120508560645448,34.17782581828422,3.787733559505464e-8,3.2201597670183634e-7,0.1621384323687849,5.714008395329984e-7,-36.228603970878105,7,93909483,93909859,377,+,0,0,1,0,0,0,0,0,0,0,0,0,0,0,0,0,0,0,0,0,0,0,0,0,"c(""ENST00000430875"", ""ENST00000428834"", ""ENST00000455502"")",85
ENSG00000121988,E001,3.893043252584582,0.013384493719899153,139.48319012486488,5.147662974814086e-31,1.682753607752976e-29,7.127062941297588,2.2144858746742102e-5,-36.6322668710345,2,135136916,135136916,1,-,3,4,6,6,11,6,0,0,0,0,0,0,0,0,0,0,0,0,0,0,0,0,0,0,ENST00000412849,86
ENSG00000121988,E021,0.8410608499388701,0.07319504563768224,25.61304647327188,2.742822010784756e-6,1.7758200057013776e-5,3.3924386004631017,1.0243194758174923e-5,-36.68374857583735,2,135228016,135228312,297,-,2,0,0,4,2,0,0,0,0,0,0,0,0,0,0,0,0,0,0,0,0,0,0,0,ENST00000495945,87
ENSG00000150394,E028,0.9619082808451788,0.06953831936898829,162.9057049780061,4.2215858816139014e-36,1.6623041041165637e-34,55.82017916733867,2.485863633125973e-4,-37.70827875422973,16,61918258,61918714,457,-,1,2,1,0,2,3,0,0,0,0,0,0,0,0,0,0,0,0,0,0,0,0,0,0,ENST00000577228,88
ENSG00000127928,E011,0.40229256946834396,0.589282191882202,41.495089011695455,9.760136871956746e-10,9.92418057580776e-9,0.3202884545605329,5.714570221471149e-7,-38.19267237563812,7,93910056,93910789,734,+,2,0,2,0,0,0,0,0,0,0,0,0,0,0,0,0,0,0,0,0,0,0,0,0,ENST00000455502,89
ENSG00000198794,E001,3.4012357005642526,0.02819876235890509,456.51951459091447,7.379840337899078e-100,1.253237366750423e-97,69.09575577892228,3.3858236289319166e-4,-38.39552738931375,15,74957219,74957467,249,+,5,6,4,6,3,8,0,0,0,0,0,0,0,0,0,0,0,0,0,0,0,0,0,0,ENST00000568423,90
ENSG00000086189,E002,1.8230213122980485,0.12511302834963334,29.24705939072402,4.457401422769465e-7,3.268048752926149e-6,4.0510325300068715,6.468984231844388e-6,-38.52568740023835,5,62351107,62351223,117,-,3,1,9,2,1,1,0,0,0,0,0,0,0,0,0,0,0,0,0,0,0,0,0,0,ENST00000651114,91
ENSG00000284048+ENSG00000214022+ENSG00000196456+ENSG00000284691,E006,1.0670647736786678,0.0535240923677121,78.07936207263157,1.1098951424302765e-17,1.990627751503667e-16,6.477052291389505,6.140419394284891e-6,-40.05044961357651,7,150368800,150368808,9,+,1,2,0,6,0,1,0,0,0,0,0,0,0,0,0,0,0,0,0,0,0,0,0,0,"c(""ENST00000444957"", ""ENST00000466559"", ""ENST00000397281"", ""ENST00000478789"", ""ENST00000489432"")",92
ENSG00000284048+ENSG00000214022+ENSG00000196456+ENSG00000284691,E007,1.1732071375069657,0.030071298592164352,88.573362156006,5.841693758191025e-20,1.1834336666517433e-18,6.783584874398429,6.140408864041547e-6,-40.18709507753796,7,150368809,150368809,1,+,1,2,0,5,2,1,0,0,0,0,0,0,0,0,0,0,0,0,0,0,0,0,0,0,"c(""ENST00000475514"", ""ENST00000489432"", ""ENST00000397281"", ""ENST00000444957"", ""ENST00000466559"", ""ENST00000478789"")",93
ENSG00000284048+ENSG00000214022+ENSG00000196456+ENSG00000284691,E008,1.1732071375069657,0.030071298592164352,88.573362156006,5.841693758191025e-20,1.1834336666517433e-18,6.783584874398429,6.140408864041547e-6,-40.18709507753796,7,150368810,150368811,2,+,1,2,0,5,2,1,0,0,0,0,0,0,0,0,0,0,0,0,0,0,0,0,0,0,"c(""ENST00000473391"", ""ENST00000475514"", ""ENST00000489432"", ""ENST00000397281"", ""ENST00000444957"", ""ENST00000466559"", ""ENST00000478789"")",94
ENSG00000284048+ENSG00000214022+ENSG00000196456+ENSG00000284691,E009,1.1732071375069657,0.030071298592164352,88.573362156006,5.841693758191025e-20,1.1834336666517433e-18,6.783584874398429,6.140408864041547e-6,-40.18709507753796,7,150368812,150368821,10,+,1,2,0,5,2,1,0,0,0,0,0,0,0,0,0,0,0,0,0,0,0,0,0,0,"c(""ENST00000473391"", ""ENST00000475514"", ""ENST00000489432"", ""ENST00000397281"", ""ENST00000444957"", ""ENST00000482680"", ""ENST00000466559"", ""ENST00000478789"")",95
ENSG00000284048+ENSG00000214022+ENSG00000196456+ENSG00000284691,E010,1.1732071375069657,0.030071298592164352,88.573362156006,5.841693758191025e-20,1.1834336666517433e-18,6.783584874398429,6.140408864041547e-6,-40.18709507753796,7,150368822,150368825,4,+,1,2,0,5,2,1,0,0,0,0,0,0,0,0,0,0,0,0,0,0,0,0,0,0,"c(""ENST00000473391"", ""ENST00000475514"", ""ENST00000489432"", ""ENST00000488943"", ""ENST00000397281"", ""ENST00000444957"", ""ENST00000482680"", ""ENST00000466559"", ""ENST00000478789"")",96
ENSG00000284048+ENSG00000214022+ENSG00000196456+ENSG00000284691,E011,1.284708373255457,0.02966629234459829,96.72383653191918,9.923977314554485e-22,2.1876915044012273e-20,7.078374788149702,6.140415507616126e-6,-40.313067638308354,7,150368826,150368839,14,+,1,2,0,6,2,1,0,0,0,0,0,0,0,0,0,0,0,0,0,0,0,0,0,0,"c(""ENST00000495535"", ""ENST00000475514"", ""ENST00000473391"", ""ENST00000489432"", ""ENST00000488943"", ""ENST00000397281"", ""ENST00000444957"", ""ENST00000482680"", ""ENST00000466559"", ""ENST00000478789"")",97
ENSG00000284048+ENSG00000214022+ENSG00000196456+ENSG00000284691,E013,1.284708373255457,0.02966629234459829,96.72383653191918,9.923977314554485e-22,2.1876915044012273e-20,7.078374788149702,6.140415507616126e-6,-40.313067638308354,7,150368845,150368870,26,+,1,2,0,6,2,1,0,0,0,0,0,0,0,0,0,0,0,0,0,0,0,0,0,0,"c(""ENST00000473391"", ""ENST00000467980"", ""ENST00000475514"", ""ENST00000495535"", ""ENST00000482680"", ""ENST00000488943"", ""ENST00000469309"", ""ENST00000397281"", ""ENST00000444957"", ""ENST00000489432"", ""ENST00000466559"", ""ENST00000478789"")",98
ENSG00000284048+ENSG00000214022+ENSG00000196456+ENSG00000284691,E012,1.284708373255457,0.02966629234459829,96.72383653191918,9.923977314554485e-22,2.1876915044012273e-20,7.078374788149702,6.140415507616126e-6,-40.31306763830837,7,150368840,150368844,5,+,1,2,0,6,2,1,0,0,0,0,0,0,0,0,0,0,0,0,0,0,0,0,0,0,"c(""ENST00000473391"", ""ENST00000495535"", ""ENST00000467980"", ""ENST00000475514"", ""ENST00000489432"", ""ENST00000488943"", ""ENST00000397281"", ""ENST00000444957"", ""ENST00000482680"", ""ENST00000466559"", ""ENST00000478789"")",99
ENSG00000198133,E023,1.22576646321917,0.0694876024012338,170.7394047899559,8.402515613360723e-38,3.4990204158261866e-36,64.54602388527712,7.051322689477502e-5,-42.38385426562704,14,67533636,67533739,104,-,0,1,4,4,0,2,0,0,0,0,0,0,0,0,0,0,0,0,0,0,0,0,0,0,ENST00000554278,100
